,Topic 0,Topic 1,Topic 2,Topic 3,Topic 4,Topic 5,Topic 6,Topic 7,Topic 8,Topic 9,Class,Entity,Book
0,8.22469663119069,9.55450096568921,8.83742121552213,8.4371921399471,8.32550905794415,9.75676675112229,19.7571583046439,8.37029064264769,8.82761923896171,9.90884505233119,3,b.,Harry Potter and the Half-Blood Prince - J. K. Rowling
1,8.64061587122791,9.70801139559095,9.06597512826496,8.63733539680396,8.51530300246697,8.83741440627593,17.6450534004561,9.26984632558986,8.70147662425633,10.978968449067,1,ron,Harry Potter and the Chamber of Secrets - J. K. Rowling
2,8.19915454320308,9.40953604891221,8.58006748420696,8.27307917237427,8.3723637749928,9.03735729671586,20.2270473367346,8.64042374885757,8.87093923674469,10.390031357258,3,cornelius,Harry Potter and the Order of the Phoenix - J. K. Rowling
3,8.68184795052387,9.5062890193278,8.48492164039908,8.33478434600159,8.53682496000938,8.59758010028986,16.1123532358142,8.74516815397053,8.45480984469729,14.5454207489664,9,house,Harry Potter and the Prisoner of Azkaban - J. K. Rowling
4,8.52438520450011,8.97570104843337,8.89394742762848,8.31913773821832,8.86106308808018,9.21589691736004,19.4158825479699,8.6725827396462,8.6837540259422,10.4376492622212,3,longbottom,Harry Potter and the Deathly Hallows - J. K. Rowling
5,8.08221825773766,9.63660434380448,8.59763111846822,8.35882389402668,8.14321177999878,8.64101275117147,17.4231531811522,8.65652444450768,8.68178277303172,13.7790374561011,2,trelawney,Harry Potter and the Prisoner of Azkaban - J. K. Rowling
6,8.28374142533756,9.21557012815478,8.74196251800617,8.4107306511802,8.50758706908753,9.72946118652565,19.4305091226086,8.57310478488946,8.47351785450495,10.6338152597051,3,hermione,Harry Potter and the Half-Blood Prince - J. K. Rowling
7,8.71559662319214,10.0767180053218,8.30055622401505,8.04811214082266,8.18610538852632,8.47914455694424,18.8840685014636,8.64591754107007,8.51216337081549,12.1516176478286,6,of,Harry Potter and the Goblet of Fire - J. K. Rowling
8,8.43534703930212,11.1492896484673,8.64431901901654,8.41205611427857,8.36874243985782,8.86637087694774,16.9980484613003,8.68094010499967,8.5119412628362,11.9329450329938,5,slytherin,Harry Potter and the Sorcerer's Stone - J. K. Rowling
9,8.32714803334515,11.3141838928591,8.60477110817421,8.22903488689657,8.08565628918901,8.86308447495303,17.5837484043818,8.38866453026789,8.42376181481426,12.179946565119,5,dursleys,Harry Potter and the Sorcerer's Stone - J. K. Rowling
10,8.36394619764653,9.06178864758184,8.52376281233539,8.44050311490337,8.41080271127703,8.87413164744051,20.8606742207339,8.77010070825863,8.89995420616134,9.7943357336615,7,bellatrix,Harry Potter and the Order of the Phoenix - J. K. Rowling
11,8.49555234244175,9.29922434155223,8.75260638862229,8.38049811769004,8.35982824602018,8.76045104410618,19.6641969627063,9.20447697303893,8.44849920090719,10.6346663829149,3,lucius,Harry Potter and the Chamber of Secrets - J. K. Rowling
12,8.96456401705189,9.86479352721344,8.58416389974799,8.67045637623797,8.99731772483113,9.15140262372942,17.2369449858307,8.84958735441948,9.2805162060414,10.4002532848966,1,fred,Harry Potter and the Order of the Phoenix - J. K. Rowling
13,8.38963813289339,9.21398546986037,8.70473239879482,8.74588788203811,8.7771292761589,9.1412878039513,17.7661673055504,9.00121634354732,8.8560483388785,11.4039070483269,1,bagman,Harry Potter and the Goblet of Fire - J. K. Rowling
14,8.59969403100822,11.8767508985492,8.70475316961519,8.38302094311646,8.50896541037321,8.89512670177212,16.0614396331355,8.65039779880798,8.62646988360008,11.6933815300221,4,hagrid,Harry Potter and the Sorcerer's Stone - J. K. Rowling
15,8.75382195336385,9.32219482298799,8.50502110697828,8.45217688819606,8.31890574689705,8.95994676329657,19.1939244712472,9.02341277282243,8.78556194618993,10.6850335280206,8,dursleys,Harry Potter and the Goblet of Fire - J. K. Rowling
16,8.50361714643581,9.39064925101471,8.8291209661831,8.60962909141536,8.7043382932174,8.88542586966169,18.9949307546456,8.79370169018485,8.84233707148548,10.446249865756,8,sirius,Harry Potter and the Order of the Phoenix - J. K. Rowling
17,7.47959556395534,9.42450603620047,7.96742296709301,7.95061481134664,8.11028715135173,8.80955063277522,22.0725225753826,8.04613152458759,8.21209060662287,11.9272781306846,0,privet,Harry Potter and the Deathly Hallows - J. K. Rowling
18,8.36394619764653,9.06178864758184,8.52376281233539,8.44050311490337,8.41080271127703,8.87413164744051,20.8606742207339,8.77010070825863,8.89995420616134,9.7943357336615,7,eater,Harry Potter and the Order of the Phoenix - J. K. Rowling
19,8.43888114898798,11.5628335561234,8.46726512988007,8.3392431302319,8.14527479132969,8.74610854929271,17.3792312100669,8.54053144307949,8.51569922509499,11.8649318159128,5,dumbledore,Harry Potter and the Sorcerer's Stone - J. K. Rowling
20,8.40009608951467,9.45832150817086,8.38801517091536,8.53600511622394,8.54138862362941,9.44478809469526,19.7743840645474,8.57074650984701,8.59495867035044,10.2912961521056,3,malfoy,Harry Potter and the Deathly Hallows - J. K. Rowling
21,8.61760284047384,9.39457013121367,8.63544879137236,8.66846219316497,8.5854772976164,9.85594115221828,18.227881723015,8.56209526363311,8.6136056921885,10.8389149151039,8,hogwarts,Harry Potter and the Half-Blood Prince - J. K. Rowling
22,8.2523670621865,8.83939458295452,8.82437234164357,8.29150571345259,8.68986633128304,8.26775181226494,16.9337971233228,8.6106066644023,8.58285701538434,14.7074813531054,2,mcgonagall,Harry Potter and the Prisoner of Azkaban - J. K. Rowling
23,8.58211427165213,9.15967701661373,8.53306894742016,8.54557867300689,8.47534584431803,8.77433691922018,21.1254972850508,8.5642945604766,8.47416814982068,9.76591833242078,7,gringotts,Harry Potter and the Deathly Hallows - J. K. Rowling
24,8.32611867392707,10.5443464043132,8.88268963706225,8.35552605143262,8.69835388741091,8.84767056417586,17.5389606955705,8.96502220405176,8.61544913829042,11.2258627437654,1,hall,Harry Potter and the Goblet of Fire - J. K. Rowling
25,8.55264501334007,9.72546471902651,8.93887440947221,8.55001238387473,8.33791439246683,9.20773905770152,16.1536246967884,8.72300406873199,8.89426412377358,12.9164571348241,9,peter,Harry Potter and the Prisoner of Azkaban - J. K. Rowling
26,8.99734419576206,10.0894969748868,8.64263352061046,8.70850581013472,8.93563571318807,9.12213477065936,17.1013118137636,8.81941766243239,9.22567367714955,10.3578458614129,1,george,Harry Potter and the Order of the Phoenix - J. K. Rowling
27,8.50879180438826,9.20680018758736,8.6873944753034,8.48918985484445,8.42188925172409,9.07597298269669,17.7460300632619,8.82002911109037,8.82964599047479,12.2142562786287,1,snape,Harry Potter and the Goblet of Fire - J. K. Rowling
28,8.76772407185861,9.66982267220912,8.41429442885958,8.57152452563796,8.63660430517787,9.08915387442782,18.7199351893986,8.98962957815692,8.71275885445185,10.4285524998217,8,against,Harry Potter and the Order of the Phoenix - J. K. Rowling
29,8.49593940551218,10.1588062414014,8.68651625017602,8.38884425144452,8.41596362790315,8.8885515751673,18.8260312067506,8.68442777177058,8.67529254525019,10.7796271246241,8,riddle,Harry Potter and the Goblet of Fire - J. K. Rowling
30,8.68184795052387,9.5062890193278,8.48492164039908,8.33478434600159,8.53682496000938,8.59758010028986,16.1123532358142,8.74516815397053,8.45480984469729,14.5454207489664,9,gryffindor,Harry Potter and the Prisoner of Azkaban - J. K. Rowling
31,8.76335220536238,9.04469006084275,8.52182853909813,8.44467500686979,8.08595781747315,8.97687970449261,19.774867932376,9.09832542749838,8.42649300470716,10.8629303012797,3,voldemort,Harry Potter and the Chamber of Secrets - J. K. Rowling
32,8.02487477111752,10.2465143536444,8.39324263910065,8.50986112854246,8.42920835307455,8.76891561473081,20.0007566505043,8.68623835013972,8.25379506899176,10.6865930701538,6,george,Harry Potter and the Deathly Hallows - J. K. Rowling
33,8.35744901329768,9.64249105877485,8.57034212142881,8.51397663938662,8.34728643039329,8.94468667035743,18.0458425853021,8.58835571741353,8.73139286021494,12.2581769034307,1,black,Harry Potter and the Goblet of Fire - J. K. Rowling
34,8.41960263956228,10.1496032102284,8.87015247884841,8.36004457934346,8.35302885783107,8.40869936884882,18.1838211655846,9.10895929575365,8.40482857954814,11.7412598244511,1,slytherin,Harry Potter and the Chamber of Secrets - J. K. Rowling
35,8.54336349856606,12.0910066268639,8.50627826161078,8.34922627688227,8.11740680092479,8.67741599965028,16.514362602544,8.50166961409836,8.64753302573661,12.051737293123,4,gringotts,Harry Potter and the Sorcerer's Stone - J. K. Rowling
36,8.40432192735442,9.30798109429314,8.83767386957512,8.428195617749,8.44457921453929,8.95384458092083,19.4766530225111,8.74258519776227,8.63950526854846,10.7646602067464,3,neville,Harry Potter and the Deathly Hallows - J. K. Rowling
37,8.16995964136776,10.3204406832267,8.74716916863694,8.14829121304072,8.46667645377914,8.83287386408058,17.983785953317,8.76344884611003,8.28471566183844,12.2826385146026,5,kedavra,Harry Potter and the Goblet of Fire - J. K. Rowling
38,8.27915148928104,11.4949009279661,8.49572992386488,8.20497811550894,8.20387690411393,8.69705440198629,18.3061299239251,8.52204803414901,8.26827309767788,11.5278571815268,5,alley,Harry Potter and the Sorcerer's Stone - J. K. Rowling
39,8.10092634062235,9.19609667102212,8.15197971497755,8.17378713899839,8.22427198549117,9.81257354759728,20.4669264847799,8.66040693542798,8.40199885841563,10.8110323226677,3,privet,Harry Potter and the Half-Blood Prince - J. K. Rowling
40,8.20440935131717,8.5462663857449,8.01089681194918,8.04923738936579,8.17155846329801,8.42117175172951,22.300722859078,8.48008659658473,8.23945364780355,11.5761967431292,0,patronus,Harry Potter and the Deathly Hallows - J. K. Rowling
41,8.99237746673908,9.30535993139252,8.88762700333285,8.84609285163463,8.72271356132989,8.71656484865124,19.5372864508548,8.2932778032854,8.35638569791353,10.342314384866,3,grimmauld,Harry Potter and the Deathly Hallows - J. K. Rowling
42,8.4040718768064,9.80997875481071,8.6491596177077,8.52011392001099,8.20145035597057,8.65964783502423,15.8390934525724,8.54619917324739,8.87731934450759,14.492965669342,9,wormtail,Harry Potter and the Prisoner of Azkaban - J. K. Rowling
43,8.52771846182216,9.6104348723411,8.86388405390955,8.5737583945603,8.67622086823978,8.97128610879148,16.1919369977268,8.83541896742805,8.83649711925964,12.9128441559212,9,harry,Harry Potter and the Prisoner of Azkaban - J. K. Rowling
44,8.61541737564439,9.12033538443479,9.17706597288892,8.69393238042516,8.8069402970123,8.97420926050609,18.1551951734695,8.98402098032663,9.05744456406013,10.415438611232,8,dursleys,Harry Potter and the Chamber of Secrets - J. K. Rowling
45,8.50237659268549,9.04177714572384,8.67783353782286,8.43483183027402,8.79927911047321,8.92279978130203,18.6711564600504,8.69275410370206,8.70039883306362,11.5567926049025,8,fleur,Harry Potter and the Goblet of Fire - J. K. Rowling
46,8.44675823733876,10.2219740006921,8.5535950444419,8.16260243277765,8.36188600692942,8.75868324275624,19.172111597048,8.56951695706547,8.61707841410155,11.1357940668489,6,bryce,Harry Potter and the Goblet of Fire - J. K. Rowling
47,8.6402824955376,9.83069100851209,8.66733725153793,8.4636349496472,8.48060867940529,8.97153731245034,18.6852983138419,8.76702022090735,8.64966594520941,10.8439238229509,8,potter,Harry Potter and the Deathly Hallows - J. K. Rowling
48,8.48440410608801,9.74730666066683,8.87247176887296,8.40994073115198,8.57295759515338,9.8476014985336,17.6244818084686,8.70243052124446,8.74184740085021,10.99655790897,1,arts,Harry Potter and the Half-Blood Prince - J. K. Rowling
49,8.70789851982305,9.64917306281327,8.84938639645777,8.47275405741966,8.7289104196398,9.05933262126597,15.1394508307888,8.77670615033657,8.67444901332041,13.9419389281347,9,boggart,Harry Potter and the Prisoner of Azkaban - J. K. Rowling
50,8.26846721542332,9.41082632217422,8.26755940941839,8.26352143336586,8.29704259894568,8.91288387274075,19.9594366696707,8.76688823159551,8.41998181043909,11.4333924362265,6,dark,Harry Potter and the Deathly Hallows - J. K. Rowling
51,8.34023521371354,9.40703243893197,9.08724243538673,8.42305453928688,8.59871985626117,8.90808544944949,19.8032047155164,8.64602921779183,8.74861484044276,10.0377812932192,3,place,Harry Potter and the Order of the Phoenix - J. K. Rowling
52,7.93551887258529,9.6306479749598,8.49280132678314,8.48299553918701,8.68569331973852,8.55774574237727,20.4675896928168,8.55405329227649,8.37594478787419,10.8170094514015,6,kreacher,Harry Potter and the Order of the Phoenix - J. K. Rowling
53,8.00215689831663,10.3176222948704,8.45040813673514,8.2253961854059,7.94185760501097,8.41398339537723,17.3304397773799,8.45207730201661,8.50263984620849,14.3634185586788,2,slytherin,Harry Potter and the Prisoner of Azkaban - J. K. Rowling
54,8.63811059671279,9.35301462485532,8.42562664880528,8.52289692800168,8.57395262895812,8.91281026096155,18.6484957747971,8.52829653951005,8.71198580232126,11.6848101950768,8,portkey,Harry Potter and the Goblet of Fire - J. K. Rowling
55,8.52595775223985,11.0881698074557,8.75664632329121,8.46679917518234,8.32186456589561,8.74930027014691,17.5175369770843,8.95933317994356,8.59101889286001,11.0233730559005,5,granger,Harry Potter and the Sorcerer's Stone - J. K. Rowling
56,8.32834971596454,9.5681606384741,8.73940309084728,8.47316646166868,8.33162902519611,9.0368176909942,16.367813960194,8.65155338370434,8.66617861203365,13.8369274209231,9,voldemort,Harry Potter and the Prisoner of Azkaban - J. K. Rowling
57,8.56944476884967,9.7147705781527,8.86380458019188,8.48978801259202,8.39490881518245,8.82645926797602,15.457075219633,8.91284442345809,8.93043462710331,13.8404697068609,9,cornelius,Harry Potter and the Prisoner of Azkaban - J. K. Rowling
58,8.45475934310312,9.70035774977007,8.78129325951372,8.41458562529791,8.60936381691986,8.98206048595157,15.8156898013716,8.74772072414413,8.9996697120223,13.4944994819057,9,dumbledore,Harry Potter and the Prisoner of Azkaban - J. K. Rowling
59,8.32611867392707,10.5443464043132,8.88268963706225,8.35552605143262,8.69835388741091,8.84767056417586,17.5389606955705,8.96502220405176,8.61544913829042,11.2258627437654,1,great,Harry Potter and the Goblet of Fire - J. K. Rowling
60,8.74465940165711,9.56113908093817,8.59517002596924,8.510247990105,8.45747307411464,8.82158543945199,15.6510786152179,8.96751251838972,8.57487766194387,14.1162561922124,9,hall,Harry Potter and the Prisoner of Azkaban - J. K. Rowling
61,8.55033419968863,9.7660334023303,8.61638004371445,8.75085642922914,8.73610311769453,9.18364551098782,18.0466683821108,8.60603221473475,8.80779919817275,10.9361475013368,8,potter,Harry Potter and the Goblet of Fire - J. K. Rowling
62,8.26331530448232,9.22939283394189,8.63928590090619,8.45015736962943,8.32675309001469,9.8592995502811,19.6110701157108,8.60438592164502,8.67130465324662,10.345035260142,3,snape,Harry Potter and the Half-Blood Prince - J. K. Rowling
63,8.72341639189147,10.0598981778936,8.41287542348922,8.10199254325186,8.22248119777898,8.48149840804771,18.6286513727275,8.70041549597499,8.5568411095821,12.1119298793625,6,magic,Harry Potter and the Goblet of Fire - J. K. Rowling
64,8.79469057492452,9.2250339577642,8.9060299850342,8.53592525852938,8.64819958579058,8.79897962891047,19.3016203071743,8.92184395552266,8.25471994499402,10.6129568013557,3,sirius,Harry Potter and the Deathly Hallows - J. K. Rowling
65,8.4231504483112,11.6878013641222,8.59959442579255,8.37459509715897,8.35957562311229,8.99168264125668,16.5636342233279,8.76147433005475,8.69103824527374,11.5474536015897,5,voldemort,Harry Potter and the Sorcerer's Stone - J. K. Rowling
66,8.54732525269194,9.7084201924682,9.01188081014076,8.55762536299979,8.76231091790607,8.88305155693804,17.4265632078582,9.19858880076037,8.86939828362665,11.03483561461,1,patil,Harry Potter and the Goblet of Fire - J. K. Rowling
67,7.47959556395534,9.42450603620047,7.96742296709301,7.95061481134664,8.11028715135173,8.80955063277522,22.0725225753826,8.04613152458759,8.21209060662287,11.9272781306846,0,drive,Harry Potter and the Deathly Hallows - J. K. Rowling
68,8.31405300431138,9.74119252226651,8.71332244762772,8.27339156155902,8.51332356353469,8.71673403321121,18.6150600654517,8.60036041210847,8.62331604242641,11.8892463475029,8,durmstrang,Harry Potter and the Goblet of Fire - J. K. Rowling
69,8.41267696900686,10.5408557928711,8.60125905199348,8.66542834218544,8.31050876898181,9.33008619175538,18.5407029365969,8.6618035844534,8.48496136159351,10.4517170005621,8,morfin,Harry Potter and the Half-Blood Prince - J. K. Rowling
70,8.59313306197299,10.0171329122374,8.40337995707228,8.57172123856732,8.29498804537018,9.07970422014783,19.109861498552,8.49225387750044,8.70527893198308,10.7325462565965,8,luna,Harry Potter and the Deathly Hallows - J. K. Rowling
71,8.35985309046074,9.49058380340802,9.14969439767482,8.62398058603451,8.78274773921846,8.70319054878051,19.4743122770556,8.47513032872638,8.63636774047466,10.3041394881663,3,luna,Harry Potter and the Order of the Phoenix - J. K. Rowling
72,8.4599528829186,9.17216516525069,8.4008992995067,8.23923386112172,8.83218788994823,9.58860408270653,19.7069358882999,8.79048179663973,8.49692792491051,10.3126112086973,3,ravenclaw,Harry Potter and the Deathly Hallows - J. K. Rowling
73,8.52023125853784,9.85623610161536,8.5939278897835,8.45299472376948,8.43758832575823,9.00347212473045,18.7260610499644,8.69961352628295,8.81128167709111,10.8985933224667,8,lily,Harry Potter and the Deathly Hallows - J. K. Rowling
74,8.49999728477994,9.7657992213041,8.59734924097325,8.42026192148238,8.53065208154615,8.97151266183925,18.9127770372301,8.73403195751729,8.58469753799015,10.9829210553374,8,dumbledore,Harry Potter and the Deathly Hallows - J. K. Rowling
75,8.16492481347953,9.25370258692067,8.46482689469052,8.37885475577245,8.27843806532358,8.90854729555281,19.8529672761868,8.5720558927699,8.47630821041352,11.6493742088902,6,snape,Harry Potter and the Order of the Phoenix - J. K. Rowling
76,8.57637046600843,8.57728908703551,8.91979918356654,8.56096885030745,8.72602921110123,9.69809415336995,20.0087847017297,8.83524887910104,8.40840725839782,9.68900820938231,3,hufflepuff,Harry Potter and the Half-Blood Prince - J. K. Rowling
77,8.71559662319214,10.0767180053218,8.30055622401505,8.04811214082266,8.18610538852632,8.47914455694424,18.8840685014636,8.64591754107007,8.51216337081549,12.1516176478286,6,ministry,Harry Potter and the Goblet of Fire - J. K. Rowling
78,8.40514049734095,9.49016393545512,8.66327160377531,8.6091657474505,8.52179728148471,9.74922332584277,18.9256665252102,8.59867814760348,8.6213253294129,10.4155676064241,8,dumbledore,Harry Potter and the Half-Blood Prince - J. K. Rowling
79,8.46335597533474,9.34231985253587,8.53024740429766,8.38611708860351,8.54943688726383,9.07803029470589,19.618703165032,8.74446212428626,8.62298495966861,10.6643422482716,3,snape,Harry Potter and the Deathly Hallows - J. K. Rowling
80,8.63897729615353,9.07733448970306,8.74544504384116,8.82376152622531,9.10310877026804,9.19383368494425,17.4734403833586,8.91928015244336,8.61607355213213,11.4087451009305,1,dumbldore,Harry Potter and the Goblet of Fire - J. K. Rowling
81,8.55106337297256,9.73274833831423,9.57386585282387,8.94947047756519,9.20927123873504,9.15657407267011,15.8006736571335,9.35746264350979,9.13706319216219,10.5318071541135,1,justin,Harry Potter and the Chamber of Secrets - J. K. Rowling
82,8.54661459961909,9.50281547942521,8.71650748103521,8.54238443735937,8.28513502472186,8.51923647497278,15.6614041741596,8.5627265500982,8.92206619982228,14.7411095787864,9,weasley,Harry Potter and the Prisoner of Azkaban - J. K. Rowling
83,8.48440410608801,9.74730666066683,8.87247176887296,8.40994073115198,8.57295759515338,9.8476014985336,17.6244818084686,8.70243052124446,8.74184740085021,10.99655790897,1,dark,Harry Potter and the Half-Blood Prince - J. K. Rowling
84,8.29633672070123,9.11862965633941,9.23378301588648,8.31487677070902,8.67110032035429,8.33851794018631,16.1773373410896,8.43555862892599,8.41335102513118,15.0005085806765,9,ravenclaw,Harry Potter and the Prisoner of Azkaban - J. K. Rowling
85,7.61910481222537,9.64921148947045,8.44710279157285,8.02956309432197,7.88277140328173,8.62527750867038,20.6034048013718,8.40759001283197,8.44308890088388,12.2928851853696,6,occlumency,Harry Potter and the Order of the Phoenix - J. K. Rowling
86,9.17373635092661,9.46139057618705,8.72465085715384,8.7366101369099,9.1862800822417,9.18866976609734,17.3136521873978,9.25789919928357,9.26438724671959,9.69272359708261,1,army,Harry Potter and the Order of the Phoenix - J. K. Rowling
87,8.22282062811736,10.0839551046429,8.36135175348606,8.28229388336338,7.78950232346792,8.52842473961786,20.2734399240985,8.51681687236031,8.27204261804607,11.6693521527996,6,umbridge,Harry Potter and the Deathly Hallows - J. K. Rowling
88,8.5027154578591,9.10428872778599,8.5720796835338,8.33617475288324,8.23485193642635,9.49009590981646,20.973473336982,8.8217378518368,8.07903421584141,9.88554812703484,7,riddle,Harry Potter and the Half-Blood Prince - J. K. Rowling
89,8.59982920339768,10.1847216578853,9.10556043615347,8.40064005062414,8.4641988220122,8.78426528085706,17.7277679568494,9.2071587942658,8.77003036839159,10.7558274295634,1,hagrid,Harry Potter and the Chamber of Secrets - J. K. Rowling
90,7.95513432258991,10.2933143313937,8.50801017924816,8.087450982725,7.80557312505922,8.44471425186356,20.1070380915059,8.59985190430153,8.37954327421859,11.8193695370945,6,dolores,Harry Potter and the Deathly Hallows - J. K. Rowling
91,8.19915454320308,9.40953604891221,8.58006748420696,8.27307917237427,8.3723637749928,9.03735729671586,20.2270473367346,8.64042374885757,8.87093923674469,10.390031357258,3,fudge,Harry Potter and the Order of the Phoenix - J. K. Rowling
92,8.57105766705699,9.69811413017687,8.99603464150166,8.58539679340167,8.53156536320562,8.70520982614606,17.8008081750547,9.25135102266386,8.72052487793027,11.1399375028623,1,hogwarts,Harry Potter and the Chamber of Secrets - J. K. Rowling
93,8.68417535771216,11.8694277876384,8.77475609262363,8.38941340989787,8.28505756003584,8.71687934455038,17.0051949557864,8.16211827072145,8.60857727949528,11.5043999415386,5,dudley,Harry Potter and the Sorcerer's Stone - J. K. Rowling
94,8.44534121985005,9.42505534662181,8.90047414621775,8.42857006700861,8.69996010235983,9.08729991136798,18.8120706680394,8.49546698382319,8.76757874324918,10.9381828114622,8,fudge,Harry Potter and the Goblet of Fire - J. K. Rowling
95,8.67202920915521,10.0171905266699,8.5106788587089,8.80446189696146,8.89370530603211,9.27534178641848,17.5196173775071,8.64234316893049,9.05571883547064,10.6089130341457,1,house,Harry Potter and the Goblet of Fire - J. K. Rowling
96,8.65187825026013,10.104441818962,8.83259966131151,8.64984819947365,8.54932138186673,8.81392819864655,17.7446883905052,8.94127018020583,8.70870850928432,11.003315409484,1,viktor,Harry Potter and the Goblet of Fire - J. K. Rowling
97,8.5027154578591,9.10428872778599,8.5720796835338,8.33617475288324,8.23485193642635,9.49009590981646,20.973473336982,8.8217378518368,8.07903421584141,9.88554812703484,7,tom,Harry Potter and the Half-Blood Prince - J. K. Rowling
98,8.28144847295106,9.40261931476922,8.68413319979284,8.52437071105778,8.49102881125004,8.68498789222646,16.7357482730453,8.90776957365221,8.46151795533449,13.8263757959206,2,mcgonagall,Harry Potter and the Goblet of Fire - J. K. Rowling
99,8.21384281038333,9.37066874342556,8.88236132759579,8.47683710310283,8.37423153524708,8.85595655619158,19.6800273491766,8.54801684677154,9.07168435927235,10.5263733688333,3,albus,Harry Potter and the Order of the Phoenix - J. K. Rowling
100,8.01213995667913,8.97141112070698,8.38014017931248,8.33484811140925,8.16333310891651,9.81823023583181,20.3749630776662,9.13850707113509,8.59944947461981,10.2069776637228,3,lucius,Harry Potter and the Half-Blood Prince - J. K. Rowling
101,8.1040192969824,9.69955752764413,8.46541488297871,8.27647120193183,8.16514909507254,8.83646238177175,16.5854163121121,8.72831365332142,8.42555732865496,14.7136383195302,2,alley,Harry Potter and the Prisoner of Azkaban - J. K. Rowling
102,8.69612362150141,9.19020756068201,8.74453230715692,8.84354875490443,8.75973326369026,9.67829893472659,18.3812052738171,8.825277874985,8.86272103064694,10.0183513778894,8,bellatrix,Harry Potter and the Deathly Hallows - J. K. Rowling
103,8.45613892431192,9.44326931469646,8.65523156108867,8.58330502761247,8.49410140848969,9.92599389684129,17.9338497027724,8.89681769691134,8.65118737387783,10.9601050933979,1,borgin,Harry Potter and the Half-Blood Prince - J. K. Rowling
104,8.16902988574613,9.52339683188632,8.40805232683947,8.27806338985373,8.18350157768448,8.62636383679658,17.7469051415184,8.72064497762959,8.34301615226675,14.0010258797785,2,express,Harry Potter and the Prisoner of Azkaban - J. K. Rowling
105,8.63134606305947,9.46409572206767,8.91380848176829,8.5304156555254,8.59994504010024,9.12330998174382,15.6879302857186,8.93380843069555,8.7618627859635,13.3534775533575,9,snape,Harry Potter and the Prisoner of Azkaban - J. K. Rowling
106,8.67550922588832,9.32180852618489,8.89967278039847,8.59754121428366,8.74577402300577,9.03340739932972,18.5029880812226,8.73893670364733,8.86718566808803,10.6171763779512,8,wormtail,Harry Potter and the Goblet of Fire - J. K. Rowling
107,8.15173787305191,10.2046709801122,8.37800956028029,8.26228530704881,8.14283756455526,8.62120841079704,17.0993001785863,8.5731601679387,8.59792053574728,13.9688694218822,2,dursleys,Harry Potter and the Prisoner of Azkaban - J. K. Rowling
108,8.6473839902561,9.28602416056932,8.32476148461489,8.33219586513498,8.20144647310013,8.61239170795255,21.388075939635,8.5180768959641,8.46085358973618,10.2287898930367,7,ollivander,Harry Potter and the Deathly Hallows - J. K. Rowling
109,8.84906602526766,9.42913486531881,8.483008881318,8.57439614720454,8.65984390264947,9.09054977135585,18.6862649798054,9.07367202821185,8.7383731092567,10.4156902896117,8,arts,Harry Potter and the Order of the Phoenix - J. K. Rowling
110,8.49785617924563,9.603228881305,8.88648113572865,8.57644620892559,8.58675889720416,9.04228939436896,16.0888723165083,8.78900569654727,8.7995303277605,13.1295309624059,9,black,Harry Potter and the Prisoner of Azkaban - J. K. Rowling
111,7.80407277165049,8.8632403082378,8.21256179264834,8.13519883594959,8.04473402825251,8.77081967395426,22.2403026303155,8.33938346754874,8.25172179115442,11.3379647002884,0,polyjuice,Harry Potter and the Deathly Hallows - J. K. Rowling
112,8.43571271699167,9.618021988676,8.84713806725425,8.43044596160855,8.54494976211118,8.91957743788807,16.448745856813,8.77579394118082,8.78432045193074,13.1952938155457,9,ron,Harry Potter and the Prisoner of Azkaban - J. K. Rowling
113,8.49392869667402,9.1989790856949,8.67486270817751,8.37822805934202,8.38042645716814,8.83549142615177,19.6850274167219,9.08592545347721,8.55587246943288,10.7112582271597,3,tom,Harry Potter and the Chamber of Secrets - J. K. Rowling
114,8.25132574999792,9.54032005445906,9.22832646445832,8.42875460079775,8.61848706477914,8.78768517494903,19.34046199595,8.56815476561857,8.70929179064811,10.5271923383421,3,vernon,Harry Potter and the Order of the Phoenix - J. K. Rowling
115,8.61045349579096,8.92451878720678,8.59916233341129,8.45343496111736,8.38502207340482,8.6722371284299,20.1263185567334,9.15978669103864,8.36588768734152,10.7031782855253,3,ginny,Harry Potter and the Chamber of Secrets - J. K. Rowling
116,8.33043707238799,10.5819527251986,9.00156999319759,8.41225699335618,8.70578279085786,8.83422088794613,17.1323966271331,8.92324278675125,8.66744735681556,11.4106927663557,1,mad-eye,Harry Potter and the Goblet of Fire - J. K. Rowling
117,8.62952114718598,9.33623586320471,8.87177255253398,8.67325035256046,8.78716817500016,9.12843338061445,17.4887797071995,8.97025953799008,8.88384286212039,11.2307364215902,1,dumbledore,Harry Potter and the Goblet of Fire - J. K. Rowling
118,8.05874192736158,9.57679718751667,8.3006509670347,8.00869487439137,8.18327177740383,8.86118781746543,20.9053639777905,8.56722846482303,8.43329168298111,11.1047713232318,6,school,Harry Potter and the Order of the Phoenix - J. K. Rowling
119,8.63843901778126,9.78355161775486,8.77578675714954,8.61160219912635,8.61371067003588,9.0229764352649,17.045571020689,8.90247791078158,8.83273486757722,11.7731495038394,1,ron,Harry Potter and the Goblet of Fire - J. K. Rowling
120,8.41621819171861,9.39735127160667,8.62986506325902,8.5640490604313,8.45777731878159,9.67345662573244,19.3974426263149,8.63275253260707,8.50827144194984,10.3228158675986,3,voldemort,Harry Potter and the Half-Blood Prince - J. K. Rowling
121,8.379628687608,9.93609543827868,8.25357233666462,8.69716430941236,8.34803872839938,8.77874933973434,18.9565531687597,8.94734706571452,8.47064415527715,11.2322067701512,8,fletcher,Harry Potter and the Deathly Hallows - J. K. Rowling
122,8.08010427027209,8.57269931013883,8.14498172237155,7.8987077104879,8.01543246335455,8.4169873981052,22.7629615444822,8.45304201587713,8.11530982421226,11.5397737406983,0,grindelwald,Harry Potter and the Deathly Hallows - J. K. Rowling
123,8.79684785193289,9.43802824603883,8.44864985041316,8.57709906621056,8.66469473898902,9.05921266161756,18.8613472435168,9.03116095889037,8.69278002170183,10.430179360689,8,the,Harry Potter and the Order of the Phoenix - J. K. Rowling
124,8.42694461462972,11.2253999161917,8.66630481327425,8.2599728241361,8.26090739209524,9.02821519709446,17.0846630541967,8.47489324754191,8.63421920852286,11.9384797323171,5,mcgonagall,Harry Potter and the Sorcerer's Stone - J. K. Rowling
125,8.68983400888929,9.91159017470672,8.94659491007798,8.60587268001538,8.48638375081577,8.8414704731025,17.5248254823916,9.32241636734219,8.66928614235325,11.0017260103053,1,hermione,Harry Potter and the Chamber of Secrets - J. K. Rowling
126,8.26075517692671,10.0463670430966,8.39330090394667,7.85646678992706,8.23193113317394,8.62702568082307,20.1132835867007,8.38861332705522,8.31529322651631,11.7669631318337,6,bathilda,Harry Potter and the Deathly Hallows - J. K. Rowling
127,8.42080426277853,9.10377087741203,8.68403507909119,8.57876426135664,8.61600931444755,8.8648813633178,18.8408476277641,8.66850536820614,9.04220694115443,11.1801749044716,8,bertha,Harry Potter and the Goblet of Fire - J. K. Rowling
128,8.20865111566607,8.8926709032118,8.4497435838933,8.46758203256277,8.25179254309745,9.89438459914837,20.3099501743243,8.54526913843818,8.52826082339109,10.4516950862666,3,phoenix,Harry Potter and the Half-Blood Prince - J. K. Rowling
129,8.02568579884043,9.75918161924396,8.39496888958796,8.3180429275213,8.4086955294095,8.76938981000374,20.3589301640693,8.54093676018121,8.35810097941349,11.0660675217291,6,moody,Harry Potter and the Deathly Hallows - J. K. Rowling
130,8.15897455883404,9.5384855616031,8.50043145356468,8.16575766169886,8.07590461118888,9.01031361877792,17.6533444077216,8.48533226950581,8.3724190138755,14.0390368432296,2,scabbers,Harry Potter and the Prisoner of Azkaban - J. K. Rowling
131,8.84906602526766,9.42913486531881,8.483008881318,8.57439614720454,8.65984390264947,9.09054977135585,18.6862649798054,9.07367202821185,8.7383731092567,10.4156902896117,8,dark,Harry Potter and the Order of the Phoenix - J. K. Rowling
132,8.14813677264764,9.42320678415758,9.10866506756915,8.35594322945746,8.55789571789657,8.82111055728931,19.8449524208912,8.51174745931727,8.68880215526117,10.5395398355127,3,dudley,Harry Potter and the Order of the Phoenix - J. K. Rowling
133,8.67747705484062,10.1837142832436,9.10892905072195,8.90165554781744,8.42529742896484,9.07955265827654,17.4494810723961,9.14277915724979,8.54016420121737,10.4909495452717,1,scrimgeour,Harry Potter and the Deathly Hallows - J. K. Rowling
134,8.33169321448873,9.42008275184515,9.27238996501827,8.55251220756058,8.75196330071095,8.9226585768422,18.8193468095717,8.77227318425307,8.63109144461536,10.525988545094,8,potter,Harry Potter and the Order of the Phoenix - J. K. Rowling
135,8.25132574999792,9.54032005445906,9.22832646445832,8.42875460079775,8.61848706477914,8.78768517494903,19.34046199595,8.56815476561857,8.70929179064811,10.5271923383421,3,uncle,Harry Potter and the Order of the Phoenix - J. K. Rowling
136,8.51231431832548,11.7120250559307,8.83114891518709,8.03661442446958,8.31271126907522,8.70540845055435,15.5041021924833,8.54533391691748,8.72172321893098,13.1186182381259,4,school,Harry Potter and the Sorcerer's Stone - J. K. Rowling
137,8.58226274453459,9.4956224750838,8.76948217526489,8.60956920557766,8.64993496059706,9.03068509586723,17.6863464547469,8.83736758248741,8.76024321957318,11.5784860862673,1,krum,Harry Potter and the Goblet of Fire - J. K. Rowling
138,8.45251351546718,10.2533082139557,9.08585451078443,8.78284373858472,8.33953634101973,9.03294788921585,18.2863181661635,9.00574678230824,8.42121784090859,10.339713001592,8,rufus,Harry Potter and the Deathly Hallows - J. K. Rowling
139,8.51882869316547,9.37678896424652,8.81037404333366,8.45526854708011,8.29557430872053,9.07801315485066,18.3331627157516,9.48958790918281,8.73781931707307,10.9045823465955,8,draco,Harry Potter and the Chamber of Secrets - J. K. Rowling
140,8.76155623465623,9.51612464450763,8.51535502008656,8.48132441019966,8.58697730711528,8.97606587475433,18.6639582071224,8.95250646668458,8.69589389311463,10.8502379417587,8,weasley,Harry Potter and the Goblet of Fire - J. K. Rowling
141,8.28212213762441,9.49531055120022,8.70322840664642,8.41927750085793,8.50747729961223,8.86428025867326,16.8906348505308,8.72807042887953,8.78366938378591,13.3259291821892,2,buckbeak,Harry Potter and the Prisoner of Azkaban - J. K. Rowling
142,8.58852063976195,9.85842873074817,7.96224879477011,8.25733392610147,7.97163019738862,8.71139823268222,21.3242891825222,8.55166421148283,8.19904895537449,10.5754371291679,7,griphook,Harry Potter and the Deathly Hallows - J. K. Rowling
143,8.60970503222682,9.49621312009643,8.95238193513965,8.52005133878068,8.49494834617546,8.86599910501452,18.0814727020623,9.03924293810632,8.63438477570911,11.3056007066887,1,weasley,Harry Potter and the Chamber of Secrets - J. K. Rowling
144,8.44675823733876,10.2219740006921,8.5535950444419,8.16260243277765,8.36188600692942,8.75868324275624,19.172111597048,8.56951695706547,8.61707841410155,11.1357940668489,6,frank,Harry Potter and the Goblet of Fire - J. K. Rowling
145,8.40282305279872,9.12846589738962,8.68816940441313,8.81645115526875,8.46089322742823,9.09676702584294,18.2540396836176,8.8349480762279,8.80543433894403,11.5120081380691,8,barty,Harry Potter and the Goblet of Fire - J. K. Rowling
146,8.51231431832548,11.7120250559307,8.83114891518709,8.03661442446958,8.31271126907522,8.70540845055435,15.5041021924833,8.54533391691748,8.72172321893098,13.1186182381259,4,of,Harry Potter and the Sorcerer's Stone - J. K. Rowling
147,8.47703879599808,9.36014148970347,8.79248290281584,8.61367678550288,8.48696965759373,9.00767378725233,17.0557707842964,8.9000305708676,8.82395254979391,12.4822626761758,1,dobby,Harry Potter and the Goblet of Fire - J. K. Rowling
148,7.96666986830246,8.95363189545344,8.2041077724675,8.11182196060723,8.27175496759221,8.76114538409172,21.4621568005075,8.42918693380963,8.58500635968854,11.2545180574798,0,phoenix,Harry Potter and the Deathly Hallows - J. K. Rowling
149,8.52462582072265,9.28658053224636,8.6374993833493,8.357438805302,8.68593894258557,9.19144859873276,19.6589510763813,8.58575083513418,8.48380970447411,10.5879563010718,3,aberforth,Harry Potter and the Deathly Hallows - J. K. Rowling
150,8.81196845815868,9.35016121505966,8.70592225546257,8.42151934868841,8.74154023152136,8.78061100096254,19.1582523464853,9.15216696412256,8.18577056990678,10.6920876096321,8,london,Harry Potter and the Deathly Hallows - J. K. Rowling
151,8.5765886764388,11.4535720732182,8.69153310246313,8.54335432734784,8.46490083879398,9.06105376753792,16.0896263692032,8.73583835521264,8.72259401469661,11.6609384750877,4,harry,Harry Potter and the Sorcerer's Stone - J. K. Rowling
152,8.24426986649362,10.3306278994019,8.92454660139237,8.37122208962997,8.74051251811431,8.89867462549099,17.578569756193,8.95792106701971,8.58584290396171,11.3678126723024,1,malfoy,Harry Potter and the Goblet of Fire - J. K. Rowling
153,8.55763536544609,10.0281540878739,8.79820048512729,8.56622867237733,8.57687204147681,8.88532462153503,18.3890049821765,8.7216182211402,8.59736641425496,10.8795951085919,8,hermione,Harry Potter and the Deathly Hallows - J. K. Rowling
154,8.3380896972706,10.4081246410956,9.19842341933518,8.39692589739105,8.98222089193181,9.11632994102325,16.4706078695183,8.97501829558415,8.94066033190967,11.1735990149404,1,slytherins,Harry Potter and the Chamber of Secrets - J. K. Rowling
155,8.2478224497766,9.18102461460921,8.30330936776356,7.99089880447825,8.21260608397652,8.6549331983822,21.2081570569118,8.52667906225968,8.28355736944398,11.3910119923983,0,nagini,Harry Potter and the Deathly Hallows - J. K. Rowling
156,8.32217134472965,9.04061315738331,8.60687676815992,8.50827227053173,8.34615750389086,9.72400377743946,19.3638439714442,8.66877194324174,8.52693330891787,10.8923559542612,3,malfoy,Harry Potter and the Half-Blood Prince - J. K. Rowling
157,8.7690358819334,9.65752209868644,8.90556642853312,8.69626950012043,8.75931535413452,9.13954169535317,16.7101941095772,8.96691266940722,8.95482194430013,11.4408203179543,1,harry,Harry Potter and the Goblet of Fire - J. K. Rowling
158,8.5727783982751,11.7257854636956,8.95923872675949,8.4562180134663,8.64329416387999,9.03965076701646,15.1288856672704,8.65717311909761,8.61907306857969,12.1979026119594,4,neville,Harry Potter and the Sorcerer's Stone - J. K. Rowling
159,8.47338056444657,9.93525448265034,8.4136359831838,8.4872997657196,8.31869206986237,9.08533653209507,18.9685930497485,8.54616809427555,8.69626526493944,11.0753741930788,8,xenophilius,Harry Potter and the Deathly Hallows - J. K. Rowling
160,7.67496067540276,8.80389923160087,8.16206943884919,7.51144943935642,7.87046269202283,8.63436961697571,21.2864721870126,8.37116995629464,8.06058825538618,13.6245585070988,0,mcgonagall,Harry Potter and the Order of the Phoenix - J. K. Rowling
161,8.5524489209367,9.57774637532171,8.72400716679119,8.53148043299126,8.49035684280753,9.15972804060875,17.4379747214826,8.99391901648552,8.75508706149867,11.7772514210761,1,moody,Harry Potter and the Goblet of Fire - J. K. Rowling
162,8.57173795974028,10.1788386927778,9.0658005643168,8.92515035603832,8.43021254434642,8.18994229095027,17.3861574090111,8.87324956109108,8.43019681548153,11.9487138062464,1,hogarts,Harry Potter and the Goblet of Fire - J. K. Rowling
163,8.50111614783815,10.4006253818932,8.39188193108004,8.35890423420419,8.4224499349559,8.73269135696383,18.5929459636738,8.6633174341349,8.81794242741483,11.1181251878412,8,cross,Harry Potter and the Deathly Hallows - J. K. Rowling
164,8.53500819032373,11.1634870776645,8.81119056124426,8.48946892583932,8.37693409935754,8.78229518799915,17.2107270643963,8.95505176667491,8.57366118677801,11.1021759397223,5,weasley,Harry Potter and the Sorcerer's Stone - J. K. Rowling
165,8.8006706077522,9.76630483481378,9.01461094324813,8.58868298345692,8.64159868604475,8.93500183687385,17.4243132813237,9.07928174918763,8.71988938782005,11.0296456894789,1,myrtle,Harry Potter and the Chamber of Secrets - J. K. Rowling
166,8.38432500233723,9.81428980446205,8.99951002756083,8.50733276387883,8.4352181911033,8.89977608627192,19.924406921751,8.7166797751995,8.97747573284702,9.34098569458827,3,phoenix,Harry Potter and the Order of the Phoenix - J. K. Rowling
167,8.51462946375055,11.6987914712457,8.89560862919946,8.5892685282793,8.31906017338704,9.01300459479654,15.0620823902623,8.63769340243089,8.86420956105383,12.4056517855944,4,malfoy,Harry Potter and the Sorcerer's Stone - J. K. Rowling
168,8.33806297818413,9.87902271462838,8.20687962753561,8.37426484528634,8.14065409753003,8.91629138764447,19.8776066232251,8.64713375322111,8.40353569216481,11.21654828058,6,bill,Harry Potter and the Deathly Hallows - J. K. Rowling
169,8.37915772053395,9.30280559641324,8.63441337871059,8.48012008174782,8.50633363000339,9.08784272959982,18.4745149515349,9.16747846600201,8.44756988901931,11.519763556435,8,beauxbatons,Harry Potter and the Goblet of Fire - J. K. Rowling
170,8.81276263334822,9.21103567548622,8.4598818102094,8.51699396319525,8.39143514920228,8.9932531913359,18.9613459921012,8.96559847457804,8.87773250690321,10.8099606036403,8,bill,Harry Potter and the Goblet of Fire - J. K. Rowling
171,8.41348644353374,10.4603972231399,8.65767321022723,8.76944115891402,8.41305601973288,9.35235377072732,18.5619034487564,8.64174227799244,8.39626867247467,10.3336777745014,8,marvolo,Harry Potter and the Half-Blood Prince - J. K. Rowling
172,8.56933420104845,9.3513991594823,8.36936447370467,8.4822840451977,8.99550976032261,8.95968856846408,19.5173711925339,8.73266023610409,8.73440890584326,10.2879794572989,3,aunt,Harry Potter and the Order of the Phoenix - J. K. Rowling
173,8.74465940165711,9.56113908093817,8.59517002596924,8.510247990105,8.45747307411464,8.82158543945199,15.6510786152179,8.96751251838972,8.57487766194387,14.1162561922124,9,great,Harry Potter and the Prisoner of Azkaban - J. K. Rowling
174,8.52462582072265,9.28658053224636,8.6374993833493,8.357438805302,8.68593894258557,9.19144859873276,19.6589510763813,8.58575083513418,8.48380970447411,10.5879563010718,3,hogsmeade,Harry Potter and the Deathly Hallows - J. K. Rowling
175,8.4349643205234,9.73364556472972,8.84616309599876,8.65283246671863,8.45302414825389,9.48087369731013,15.6367403532761,8.69219108122245,8.9048769826943,13.1646882892727,9,james,Harry Potter and the Prisoner of Azkaban - J. K. Rowling
176,8.48440410608801,9.74730666066683,8.87247176887296,8.40994073115198,8.57295759515338,9.8476014985336,17.6244818084686,8.70243052124446,8.74184740085021,10.99655790897,1,against,Harry Potter and the Half-Blood Prince - J. K. Rowling
177,8.33455988715479,9.29813321644137,8.45391665868086,8.46161481805281,8.57855631292357,9.89274383045047,19.0945184241518,8.77255580832605,8.4216294125375,10.6917716312808,3,horace,Harry Potter and the Half-Blood Prince - J. K. Rowling
178,8.69980873448283,9.70426245684255,8.69324077976482,8.66711772563901,8.84232864020272,8.88923872485085,18.4210889333576,8.72330223228908,8.80712069096568,10.5524910816049,8,hogwarts,Harry Potter and the Order of the Phoenix - J. K. Rowling
179,8.81276263334822,9.21103567548622,8.4598818102094,8.51699396319525,8.39143514920228,8.9932531913359,18.9613459921012,8.96559847457804,8.87773250690321,10.8099606036403,8,charlie,Harry Potter and the Goblet of Fire - J. K. Rowling
180,7.776613271967,8.98148258940406,8.27809343093619,7.90160522230091,7.93397925001722,8.6491369536482,21.08327796345,8.43390725875356,8.16283504466174,12.7990690148611,0,weasley,Harry Potter and the Order of the Phoenix - J. K. Rowling
181,8.41559070632055,9.42824322830823,8.51464422047126,8.31184933586232,8.47252882059521,8.86127772149452,19.3161651988362,8.68746507749048,8.57379689611902,11.4184387945022,6,ron,Harry Potter and the Order of the Phoenix - J. K. Rowling
182,8.81850365778217,9.45384621047577,9.03190572628086,8.56962135398304,8.68366958570074,8.81717836995317,18.7855702155265,8.95742530647102,8.36064169771426,10.5216378761125,8,black,Harry Potter and the Deathly Hallows - J. K. Rowling
183,8.60477449995781,11.7692737698054,8.60591819961699,8.49474064648863,8.48515331833118,9.05353538625074,15.8942389423744,8.74913228703095,8.68153960847833,11.6616933416656,4,ron,Harry Potter and the Sorcerer's Stone - J. K. Rowling
184,8.34023521371354,9.40703243893197,9.08724243538673,8.42305453928688,8.59871985626117,8.90808544944949,19.8032047155164,8.64602921779183,8.74861484044276,10.0377812932192,3,grimmauld,Harry Potter and the Order of the Phoenix - J. K. Rowling
185,8.4073994896887,11.4056778595699,8.6041766795875,8.16358501823334,8.33450384332561,8.87745351615991,17.1992935675888,8.56916241286795,8.5606400600743,11.878107552904,5,hogwarts,Harry Potter and the Sorcerer's Stone - J. K. Rowling
186,7.85993108657757,8.87837424965767,8.38877068182731,8.27276129442392,8.07928264092572,9.67893887907257,20.7303734465484,9.10447396456214,8.60193999535226,10.4051537610525,7,severus,Harry Potter and the Half-Blood Prince - J. K. Rowling
187,8.69511340186305,9.58589269631087,8.69275673661108,8.94552622622216,8.34749647635779,9.15231941597161,18.0117695637651,8.95548458222992,8.72872230938532,10.8849185912831,8,vernon,Harry Potter and the Goblet of Fire - J. K. Rowling
188,8.55106337297256,9.73274833831423,9.57386585282387,8.94947047756519,9.20927123873504,9.15657407267011,15.8006736571335,9.35746264350979,9.13706319216219,10.5318071541135,1,finch-fletchley,Harry Potter and the Chamber of Secrets - J. K. Rowling
189,8.48416826267698,11.5530299448057,8.62755732504618,8.49013156725717,8.24866524459136,8.62789398494927,17.0334793136253,8.57264897881852,8.53227153407278,11.8301538441568,5,flamel,Harry Potter and the Sorcerer's Stone - J. K. Rowling
190,8.99237746673908,9.30535993139252,8.88762700333285,8.84609285163463,8.72271356132989,8.71656484865124,19.5372864508548,8.2932778032854,8.35638569791353,10.342314384866,3,place,Harry Potter and the Deathly Hallows - J. K. Rowling
191,8.58701310033771,10.1212444582588,8.39604242106061,8.3661289071884,8.40376631727437,8.68402518510292,19.2070491023791,8.52947666495985,8.68402353090216,11.0212303125361,8,lovegood,Harry Potter and the Deathly Hallows - J. K. Rowling
192,8.50874027319377,9.4023247656997,8.83176252220931,8.48119202202079,8.6145903945711,8.98036455365887,16.4256120281515,8.78596411151445,8.82183873226217,13.1476105967184,9,lupin,Harry Potter and the Prisoner of Azkaban - J. K. Rowling
193,7.80407277165049,8.8632403082378,8.21256179264834,8.13519883594959,8.04473402825251,8.77081967395426,22.2403026303155,8.33938346754874,8.25172179115442,11.3379647002884,0,potion,Harry Potter and the Deathly Hallows - J. K. Rowling
194,8.55572956305206,10.4186847986786,9.09597909198376,8.23794118490404,8.35264497480659,8.48169932907894,17.9751050025758,9.38306139606686,8.52252218605831,10.9766324727949,1,fudge,Harry Potter and the Chamber of Secrets - J. K. Rowling
195,8.34351013476709,9.16977246611787,8.76580035825323,8.39478351791763,8.48782703517975,9.71410989993725,19.4884683624937,8.60892672468844,8.46947987306839,10.5573216275766,3,ron,Harry Potter and the Half-Blood Prince - J. K. Rowling
196,8.50095627083081,9.73824062373354,8.94775677404957,8.49710547259335,8.32737122630534,9.17498534208008,16.2375544497608,8.6797396862399,8.84275340952485,13.0535367448818,9,pettigrew,Harry Potter and the Prisoner of Azkaban - J. K. Rowling
197,8.18404748777744,9.28929039429361,8.59207192318769,8.28546037008182,8.40570140096607,9.22594123941986,17.5906361371031,8.75165108582779,8.91984116846057,12.7553587928821,2,hogsmeade,Harry Potter and the Goblet of Fire - J. K. Rowling
198,8.63828028734232,9.5042844729337,8.87233456287507,8.50279784252004,8.32383143458407,8.45492733657444,15.1382817213849,8.89378615911648,9.07992861690784,14.5915475657611,9,hippogriffs,Harry Potter and the Prisoner of Azkaban - J. K. Rowling
199,8.54542675188375,9.72850151682555,8.66889159610333,8.5831983819906,8.41699984633288,8.72346744231835,17.4423973825352,8.78368484613959,8.81697194580623,12.2904602900645,1,winky,Harry Potter and the Goblet of Fire - J. K. Rowling
200,8.70199378049106,9.34066496209626,8.76846824631001,8.60064626191308,8.87949642229217,9.43030470751069,17.4051030183106,8.73819909724444,8.87029104402821,11.2648324598035,1,skeeter,Harry Potter and the Goblet of Fire - J. K. Rowling
201,8.78252904796928,9.52460913952152,8.84505464879611,8.6341972605754,8.76789115952769,9.1246083177473,17.422117773636,8.88083361486889,8.92024334261039,11.0979156947475,1,voldemort,Harry Potter and the Goblet of Fire - J. K. Rowling
202,8.42374909220181,9.48205328742888,8.73524251476026,8.61643835657802,8.6325809768089,8.89711217120793,19.1190155061102,8.68141743835612,8.69683600698886,10.7155546495591,8,hermione,Harry Potter and the Order of the Phoenix - J. K. Rowling
203,8.13186053656096,9.46252117588341,8.75987103087203,8.88329873869308,8.4970600766674,8.05603961051555,18.3625476756195,8.66113876246571,8.27371069121857,12.9119517015038,2,percy,Harry Potter and the Goblet of Fire - J. K. Rowling
204,8.60693091753557,9.58605570253301,9.1180521783148,8.39703937725029,8.76758350167723,8.66813915057961,14.4936151011391,8.58026412990628,8.76458983142253,15.0177301096416,9,crookshanks,Harry Potter and the Prisoner of Azkaban - J. K. Rowling
205,8.53779747757946,9.28149218143292,8.75824722697609,8.69161720268795,8.63493505971456,9.04096533516448,17.0296073397536,8.96300087077524,8.85847426252139,12.2038630433943,1,crouch,Harry Potter and the Goblet of Fire - J. K. Rowling
206,8.61850418715984,9.89089027317674,8.49050273211783,8.43856338156546,8.5814285447793,8.71202290546444,18.4051976741399,8.80671406965782,8.65782672505507,11.3983495068835,8,diggory,Harry Potter and the Goblet of Fire - J. K. Rowling
207,8.5763315803045,11.7643171740715,8.94284209667682,8.48395504867644,8.72002857755676,9.14178521266365,15.1430402853546,8.66082209419947,8.70823379210722,11.8586441383891,4,draco,Harry Potter and the Sorcerer's Stone - J. K. Rowling
208,8.59993681221387,11.7584070196979,8.61253315321184,8.49735064964082,8.48287029127315,9.05148628815773,15.8922764512424,8.75303631321224,8.68960456150957,11.6624984598405,4,hermione,Harry Potter and the Sorcerer's Stone - J. K. Rowling
209,8.45348371774323,9.45831941373776,8.82191177439663,8.47401699300292,8.49990188901596,9.01236256856934,16.4637670596498,8.80519202303988,8.78548667871419,13.2255578821303,9,hogwarts,Harry Potter and the Prisoner of Azkaban - J. K. Rowling
210,8.48440410608801,9.74730666066683,8.87247176887296,8.40994073115198,8.57295759515338,9.8476014985336,17.6244818084686,8.70243052124446,8.74184740085021,10.99655790897,1,the,Harry Potter and the Half-Blood Prince - J. K. Rowling
211,8.5906907960551,9.74491634062965,9.70964796566507,8.83146570859572,9.31141880403651,9.07937238139405,15.8755685521309,9.35048873013874,9.13880805207906,10.3676226692752,1,nick,Harry Potter and the Chamber of Secrets - J. K. Rowling
212,8.59085551038002,9.30135047457401,8.22076941178773,8.04004523672439,8.32976639890351,8.33536947158947,22.4386271279614,8.29323660435314,8.71199715407218,9.73798260965417,7,dobby,Harry Potter and the Deathly Hallows - J. K. Rowling
213,8.41712653696741,10.4605743945861,9.08071729859061,8.31157750286753,8.62802387143381,8.97297587923754,17.3178302162342,9.03438515570318,8.89765501219929,10.8791341321804,1,moaning,Harry Potter and the Chamber of Secrets - J. K. Rowling
214,8.49299145410098,10.1153467408414,8.78761987495187,8.73672229914606,8.45294287182201,8.70338746678601,18.0785144801824,8.92437848239011,8.71238604262358,10.9957102871557,1,mundungus,Harry Potter and the Deathly Hallows - J. K. Rowling
215,8.55264787063674,9.3158469530169,8.63751388759059,8.29405493475399,8.25226750234222,8.67715016965933,19.9739406290222,9.18906259684329,8.40206031110307,10.7054551450316,3,dumbledore,Harry Potter and the Chamber of Secrets - J. K. Rowling
216,8.42080426277853,9.10377087741203,8.68403507909119,8.57876426135664,8.61600931444755,8.8648813633178,18.8408476277641,8.66850536820614,9.04220694115443,11.1801749044716,8,jorkins,Harry Potter and the Goblet of Fire - J. K. Rowling
217,8.51531980439772,11.7207230348295,8.87522931944795,8.06419596810957,8.35306219260174,8.81090931749093,15.4226029736946,8.53535252141823,8.81010215993453,12.8925027080753,4,witchcraft,Harry Potter and the Sorcerer's Stone - J. K. Rowling
218,8.54661459961909,9.50281547942521,8.71650748103521,8.54238443735937,8.28513502472186,8.51923647497278,15.6614041741596,8.5627265500982,8.92206619982228,14.7411095787864,9,george,Harry Potter and the Prisoner of Azkaban - J. K. Rowling
219,8.55145020844337,9.65705446738821,8.79679235411916,8.59179182983767,8.76385701731264,8.81542396747406,18.5188505602226,8.79162783849027,8.78888386163893,10.724267895073,8,umbridge,Harry Potter and the Order of the Phoenix - J. K. Rowling
220,8.60336885430702,9.74785050037121,8.79076173609094,8.59686185651253,8.60140303056799,9.02196694048182,17.0632042107475,8.90603626752725,8.82346490791028,11.8450816954835,1,hermione,Harry Potter and the Goblet of Fire - J. K. Rowling
221,8.62494583633199,8.97844266148135,8.98431777631429,8.61232902113184,9.05037573064805,9.34099967699553,18.4378438205996,8.75894278080905,8.87666166413168,10.3351410315566,8,d.a.,Harry Potter and the Deathly Hallows - J. K. Rowling
222,8.65127187636895,9.37401191788988,8.78217188424936,8.54127987942928,8.83131133099266,9.43544994544479,17.260726906918,8.68535639593564,8.85971782746627,11.5787020353052,1,rita,Harry Potter and the Goblet of Fire - J. K. Rowling
223,7.99800350520469,10.4887021009057,8.3039111490716,8.23926819108086,8.14714420471005,8.62700446719199,16.7472454373444,8.36154934351396,8.61520575316099,14.4719658478159,2,aunt,Harry Potter and the Prisoner of Azkaban - J. K. Rowling
224,8.10301558604722,10.2855860864953,8.62556122627137,8.01754264220982,8.0894232375998,8.13271227519435,19.7411619564848,8.7147090234048,8.22775863838625,12.0625293279063,6,parseltongue,Harry Potter and the Chamber of Secrets - J. K. Rowling
225,8.3070327214387,9.10433015199403,8.54424597241727,8.60552832197456,8.42661454456516,8.94162767732787,20.8047734143565,8.76960319350476,8.71076705875368,9.7854769436675,7,lestrange,Harry Potter and the Order of the Phoenix - J. K. Rowling
226,8.482254043498,11.8308823574809,8.65623905858381,8.62453091251673,8.36031547002771,8.99189991809589,15.5206898771004,8.78480895434489,8.91725154082379,11.8311278675278,4,quirrell,Harry Potter and the Sorcerer's Stone - J. K. Rowling
227,8.44747278584963,9.7286348266026,8.86830288185107,8.4180934810432,8.57921355812417,8.94790341729165,15.4921922278922,8.63654852904843,8.84233119899945,14.0393070932976,9,hogsmeade,Harry Potter and the Prisoner of Azkaban - J. K. Rowling
228,8.43795281613867,9.40595533455897,8.82921421379701,8.55568233133169,8.68035077400149,8.97866545034639,17.9080981394712,8.72294528253829,8.74463722448581,11.7364984333304,1,sirius,Harry Potter and the Goblet of Fire - J. K. Rowling
229,8.74196816694897,9.5295716729101,8.4975417634786,8.47378356913856,8.36690654729897,9.02674209105024,18.4783113817592,8.91967503232679,8.67831249157947,11.2871872835091,8,dudley,Harry Potter and the Goblet of Fire - J. K. Rowling
230,8.40118743148597,10.0928928048047,8.6418557408526,8.39883388622631,8.38572036707628,8.77468259906696,18.8775177662778,8.78065206000199,8.5067235966251,11.1399337475822,8,ron,Harry Potter and the Deathly Hallows - J. K. Rowling
231,8.26977382506466,10.0157510656317,8.35280489794597,8.41364383937706,8.39713358483296,9.12463856974423,18.5650862127791,8.71478428214096,8.57572833507018,11.5706553874132,8,delacour,Harry Potter and the Deathly Hallows - J. K. Rowling
232,8.90565796204927,10.4546430586236,8.3225829975024,8.89806793067911,9.20648780096433,9.49659330009804,16.6168702968601,8.26384349125801,9.30655743739402,10.5286957245712,1,gryffindor,Harry Potter and the Goblet of Fire - J. K. Rowling
233,8.26977382506466,10.0157510656317,8.35280489794597,8.41364383937706,8.39713358483296,9.12463856974423,18.5650862127791,8.71478428214096,8.57572833507018,11.5706553874132,8,fleur,Harry Potter and the Deathly Hallows - J. K. Rowling
234,8.49343571759755,9.62420139882625,8.86177431763484,8.53491972211102,8.56569641104843,8.98757597081726,16.0228453582506,8.83080063817223,8.84252746050197,13.2362230050398,9,sirius,Harry Potter and the Prisoner of Azkaban - J. K. Rowling
235,8.10092634062235,9.19609667102212,8.15197971497755,8.17378713899839,8.22427198549117,9.81257354759728,20.4669264847799,8.66040693542798,8.40199885841563,10.8110323226677,3,drive,Harry Potter and the Half-Blood Prince - J. K. Rowling
236,8.19097986429922,9.46765021560472,8.36063683456451,8.13384187583217,8.34965127978727,8.67425976094827,20.250781279267,8.51906127336957,8.50785887730516,11.5452787390221,6,of,Harry Potter and the Order of the Phoenix - J. K. Rowling
237,7.84746162025252,10.2283975325033,8.33627779557638,8.16274709157325,7.96923369815029,8.64044922257473,17.502291854699,8.51327291574026,8.51977310954533,14.280095159385,2,dursley,Harry Potter and the Prisoner of Azkaban - J. K. Rowling
238,8.07236875204236,9.63569949326183,8.26961512410871,7.96832799955058,8.2144900840673,8.82643687011574,20.9135277175352,8.5548372522927,8.40267053146575,11.1420261755599,6,witchcraft,Harry Potter and the Order of the Phoenix - J. K. Rowling
239,8.26075517692671,10.0463670430966,8.39330090394667,7.85646678992706,8.23193113317394,8.62702568082307,20.1132835867007,8.38861332705522,8.31529322651631,11.7669631318337,6,bagshot,Harry Potter and the Deathly Hallows - J. K. Rowling
240,8.32035962839306,9.8838204374361,8.47169146745502,8.21727925920985,8.11275321724547,8.58495057606202,19.5889937932116,8.74142592403918,8.44130975754511,11.6374159394025,6,of,Harry Potter and the Deathly Hallows - J. K. Rowling
241,8.56944476884967,9.7147705781527,8.86380458019188,8.48978801259202,8.39490881518245,8.82645926797602,15.457075219633,8.91284442345809,8.93043462710331,13.8404697068609,9,fudge,Harry Potter and the Prisoner of Azkaban - J. K. Rowling
242,8.51587175830681,9.57674745653735,8.73861287101094,8.53742778149533,8.53724838894766,9.20125024238627,17.2388126976797,8.96095625124133,8.85308936938435,11.8399831830102,1,hogwarts,Harry Potter and the Goblet of Fire - J. K. Rowling
243,8.5064598436121,11.4928852194103,8.61727881806611,8.22708606349655,8.31358764988793,8.83634794903242,16.6343365324937,8.36191980375067,8.69615493618855,12.3139431840617,5,dursley,Harry Potter and the Sorcerer's Stone - J. K. Rowling
244,8.72818044168793,9.50639087467748,8.50134525282206,8.44167590372921,8.63405893096647,8.64263978279929,15.9173750446989,8.79365029137781,8.48115925907197,14.3535242181689,9,hufflepuff,Harry Potter and the Prisoner of Azkaban - J. K. Rowling
245,8.44479124741554,9.19404358781584,8.78006105022151,8.51134675111965,8.5161474772236,8.90739763451151,18.0938173416564,8.97770525253694,8.76396877654528,11.8107208809538,1,karkaroff,Harry Potter and the Goblet of Fire - J. K. Rowling
246,8.1040192969824,9.69955752764413,8.46541488297871,8.27647120193183,8.16514909507254,8.83646238177175,16.5854163121121,8.72831365332142,8.42555732865496,14.7136383195302,2,diagon,Harry Potter and the Prisoner of Azkaban - J. K. Rowling
247,8.64375087233891,9.50328449115117,8.77229135411384,8.53182213895033,8.68932648108079,9.20615281792827,17.5667240502709,8.95066014990712,8.83983913655761,11.296148507701,1,cedric,Harry Potter and the Goblet of Fire - J. K. Rowling
248,8.56343817011765,8.57076415310678,11.454796987519,8.52927742583107,8.47943260900613,9.13060474512973,15.6556357765937,8.52908105986445,8.67792180688771,12.4090472659439,9,snape,Harry Potter and the Sorcerer's Stone - J. K. Rowling
249,8.27915148928104,11.4949009279661,8.49572992386488,8.20497811550894,8.20387690411393,8.69705440198629,18.3061299239251,8.52204803414901,8.26827309767788,11.5278571815268,5,diagon,Harry Potter and the Sorcerer's Stone - J. K. Rowling
250,8.43501002030648,8.90101799830709,8.53363204905595,8.58809342866077,8.56353021089969,9.19512029925278,18.8487009800437,9.24256699666758,8.44609930247305,11.2462287143329,8,maxime,Harry Potter and the Goblet of Fire - J. K. Rowling
251,8.60287972568019,9.58629441861958,8.76267189189442,8.57060598083152,8.62262392232679,8.97553689286969,18.5757619944916,8.82406600077197,8.60338775920062,10.8761714133136,8,voldemort,Harry Potter and the Deathly Hallows - J. K. Rowling
252,8.68388597272289,10.1181077839889,8.51355372327373,8.86794627582011,8.91521237696986,8.83806515359416,17.7464598131609,8.89463950962641,8.9684782748301,10.4536511160129,1,delacour,Harry Potter and the Goblet of Fire - J. K. Rowling
253,8.1107754752809,9.77676072935722,8.62904339421774,8.45717541121459,8.55237880126122,8.60994211046617,20.1176977420293,8.54979389709199,8.54087111169341,10.6555613273875,3,black,Harry Potter and the Order of the Phoenix - J. K. Rowling
254,8.59607854515242,8.78695270592495,9.270476529906,8.63618784279238,8.75491486955855,9.23732403686508,18.3928103375827,8.85899785211556,8.89576144034447,10.5704958397579,8,london,Harry Potter and the Goblet of Fire - J. K. Rowling
255,8.16185816599377,9.3963143971313,8.38001428407501,8.15715576621954,8.38130967125902,8.67365630475139,20.192130959927,8.45117022928545,8.56040328600806,11.6459869353495,6,magic,Harry Potter and the Order of the Phoenix - J. K. Rowling
256,8.80838650526731,12.5076325898895,8.8686200603621,8.6446938544314,8.37849134831305,8.60707438199194,14.8826949318124,8.66592888912379,8.8813790250275,11.755098413781,4,nicolas,Harry Potter and the Sorcerer's Stone - J. K. Rowling
257,8.21273712003621,8.60952649813449,8.73425203570153,8.41460958312246,8.6209322253257,9.47457164029104,19.9746470907573,8.5573064475481,8.44208510047018,10.959332258613,3,ginny,Harry Potter and the Half-Blood Prince - J. K. Rowling
258,8.81536397855877,9.61414592205685,9.09273322396383,8.70080851302268,8.4125890462194,8.58235195768484,19.320410681003,8.6987306044018,8.47327492000323,10.2895911530856,3,arcturus,Harry Potter and the Deathly Hallows - J. K. Rowling
259,8.02487477111752,10.2465143536444,8.39324263910065,8.50986112854246,8.42920835307455,8.76891561473081,20.0007566505043,8.68623835013972,8.25379506899176,10.6865930701538,6,weasley,Harry Potter and the Deathly Hallows - J. K. Rowling
260,8.5883088723272,9.48484433413112,8.71997622133138,8.57379138964472,8.310694696592,8.55823870044529,15.6436468591377,8.59335859465019,8.9399389682721,14.5872013634683,9,fred,Harry Potter and the Prisoner of Azkaban - J. K. Rowling
261,8.5597088062808,9.1980279327676,8.63275975132897,8.73632845619592,8.61352796610932,9.62413286492877,19.2180671339413,8.72060859426564,8.7152573344789,9.98158115970274,3,lestrange,Harry Potter and the Deathly Hallows - J. K. Rowling
262,8.38424478582004,9.66808188339748,8.68449268528139,8.3683079908387,8.52743644824828,8.79167334140801,16.3268172279871,8.77711499800151,8.77436406564954,13.6974665733679,9,hagrid,Harry Potter and the Prisoner of Azkaban - J. K. Rowling
263,8.6061809340384,9.55690018329058,8.80752559547245,8.41401402526907,8.34123481413729,8.75840907239303,18.579845172493,8.91656782652696,8.40328871873708,11.6160336576421,8,lockhart,Harry Potter and the Chamber of Secrets - J. K. Rowling
264,8.72893893259885,9.85241797962115,8.79198872707978,8.5709577828122,8.74922706784342,9.07335478507964,18.1126903776798,8.76456763839216,9.05509663327003,10.3007600756229,8,london,Harry Potter and the Order of the Phoenix - J. K. Rowling
265,8.36394619764653,9.06178864758184,8.52376281233539,8.44050311490337,8.41080271127703,8.87413164744051,20.8606742207339,8.77010070825863,8.89995420616134,9.7943357336615,7,death,Harry Potter and the Order of the Phoenix - J. K. Rowling
266,8.59165675010433,9.58997695433057,8.7100941959186,8.5419442938296,8.35471286341019,8.58238227263688,15.7441178824251,8.54670621119536,8.89127989102004,14.4471286851293,9,moony,Harry Potter and the Prisoner of Azkaban - J. K. Rowling
267,8.35985309046074,9.49058380340802,9.14969439767482,8.62398058603451,8.78274773921846,8.70319054878051,19.4743122770556,8.47513032872638,8.63636774047466,10.3041394881663,3,ginny,Harry Potter and the Order of the Phoenix - J. K. Rowling
268,8.61073023427073,9.55282508067888,8.84234409879094,8.37564610740394,8.33960239560369,8.98546582873455,18.7126660231883,9.06369901294825,8.60393686316251,10.9130843552182,8,riddle,Harry Potter and the Chamber of Secrets - J. K. Rowling
269,8.59085551038002,9.30135047457401,8.22076941178773,8.04004523672439,8.32976639890351,8.33536947158947,22.4386271279614,8.29323660435314,8.71199715407218,9.73798260965417,7,malfoys,Harry Potter and the Deathly Hallows - J. K. Rowling
270,8.2507236235447,10.1929797206142,8.63933642197896,8.45015561906194,8.33113621850814,9.16116414815561,16.2314531066292,8.4704818872328,8.8228125205676,13.4497567337068,9,potter,Harry Potter and the Prisoner of Azkaban - J. K. Rowling
271,7.99800350520469,10.4887021009057,8.3039111490716,8.23926819108086,8.14714420471005,8.62700446719199,16.7472454373444,8.36154934351396,8.61520575316099,14.4719658478159,2,marge,Harry Potter and the Prisoner of Azkaban - J. K. Rowling
272,8.22469663119069,9.55450096568921,8.83742121552213,8.4371921399471,8.32550905794415,9.75676675112229,19.7571583046439,8.37029064264769,8.82761923896171,9.90884505233119,3,a.,Harry Potter and the Half-Blood Prince - J. K. Rowling
273,8.76772407185861,9.66982267220912,8.41429442885958,8.57152452563796,8.63660430517787,9.08915387442782,18.7199351893986,8.98962957815692,8.71275885445185,10.4285524998217,8,defense,Harry Potter and the Order of the Phoenix - J. K. Rowling
274,8.17967857021828,9.45713925607979,8.57902411706521,8.25928334494136,8.3493659534534,8.80709181707168,20.0527958685707,8.66025542090368,8.53978591372151,11.1155797379744,6,dumbledore,Harry Potter and the Order of the Phoenix - J. K. Rowling
275,8.40009608951467,9.45832150817086,8.38801517091536,8.53600511622394,8.54138862362941,9.44478809469526,19.7743840645474,8.57074650984701,8.59495867035044,10.2912961521056,3,manor,Harry Potter and the Deathly Hallows - J. K. Rowling
276,8.16995964136776,10.3204406832267,8.74716916863694,8.14829121304072,8.46667645377914,8.83287386408058,17.983785953317,8.76344884611003,8.28471566183844,12.2826385146026,5,avada,Harry Potter and the Goblet of Fire - J. K. Rowling
277,8.17742703606026,11.2785998319293,8.13209714517624,7.94709111254587,7.96889770193968,8.84485178828617,19.0100853596569,8.16058014165057,8.33199497851683,12.1483749042382,5,potter,Harry Potter and the Sorcerer's Stone - J. K. Rowling
278,8.44534121985005,9.42505534662181,8.90047414621775,8.42857006700861,8.69996010235983,9.08729991136798,18.8120706680394,8.49546698382319,8.76757874324918,10.9381828114622,8,cornelius,Harry Potter and the Goblet of Fire - J. K. Rowling
279,8.33276046969001,9.0612150134375,8.68000479132022,8.72353021929904,8.78492158229243,9.12102841862346,18.0078811166159,8.98040825793733,8.87027645665574,11.4379736741284,1,ludo,Harry Potter and the Goblet of Fire - J. K. Rowling
280,8.36965895084107,9.44544211503027,8.69178329118026,8.31485587022862,8.45579798373385,8.86564533253296,19.8408437959326,8.76293369764841,8.48120548640057,10.7718334764714,3,hogwarts,Harry Potter and the Deathly Hallows - J. K. Rowling
281,8.43243482460819,9.97377056291059,8.73538744111233,8.45672670235424,8.28747859680193,8.80862458489172,18.6514205145954,8.83882524891116,8.45804306731407,11.3572884565004,8,magic,Harry Potter and the Deathly Hallows - J. K. Rowling
282,8.26846721542332,9.41082632217422,8.26755940941839,8.26352143336586,8.29704259894568,8.91288387274075,19.9594366696707,8.76688823159551,8.41998181043909,11.4333924362265,6,arts,Harry Potter and the Deathly Hallows - J. K. Rowling
283,8.48440410608801,9.74730666066683,8.87247176887296,8.40994073115198,8.57295759515338,9.8476014985336,17.6244818084686,8.70243052124446,8.74184740085021,10.99655790897,1,defense,Harry Potter and the Half-Blood Prince - J. K. Rowling
284,8.16185816599377,9.3963143971313,8.38001428407501,8.15715576621954,8.38130967125902,8.67365630475139,20.192130959927,8.45117022928545,8.56040328600806,11.6459869353495,6,ministry,Harry Potter and the Order of the Phoenix - J. K. Rowling
285,8.77160289946688,10.1936387709562,8.49328466960449,8.23577152607621,8.45219877599596,8.75934771141217,18.0489451751194,8.94755423996535,8.5963344543455,11.5013217770578,1,amos,Harry Potter and the Goblet of Fire - J. K. Rowling
286,8.43740458182696,9.47248937379074,8.81166734723612,8.46445472298961,8.42571756054378,8.90367852321805,18.9357351191781,9.19363391550661,8.55761346897579,10.7976053867342,8,malfoy,Harry Potter and the Chamber of Secrets - J. K. Rowling
287,7.64803535205526,8.92311503266958,8.06322694954794,8.03963473751739,8.12905260251107,8.67463989997217,22.1922269510536,8.35646837053437,8.56411870457435,11.4094813995643,0,dursleys,Harry Potter and the Deathly Hallows - J. K. Rowling
288,8.33455988715479,9.29813321644137,8.45391665868086,8.46161481805281,8.57855631292357,9.89274383045047,19.0945184241518,8.77255580832605,8.4216294125375,10.6917716312808,3,slughorn,Harry Potter and the Half-Blood Prince - J. K. Rowling
289,8.50515149594636,9.46783447734791,8.82990250742193,8.60200035583942,8.77707337913226,9.02227216319391,17.0509836369915,8.91008885964854,8.80019017308766,12.0345029513905,1,cho,Harry Potter and the Goblet of Fire - J. K. Rowling
290,8.68223979929344,10.3988601754596,9.19165408140097,8.3677998339237,8.45747652586786,8.60616541420906,17.165117946768,9.38499936352187,8.64081974672922,11.1048671128263,1,cornelius,Harry Potter and the Chamber of Secrets - J. K. Rowling
291,8.06252079497377,8.90744743818241,8.42669761284098,8.32124392484539,8.18154568199919,9.76243248177415,20.499528412294,9.04890448040369,8.55524205514122,10.2344371175452,7,narcissa,Harry Potter and the Half-Blood Prince - J. K. Rowling
292,8.68637567937173,9.72680916132725,8.73925308371943,8.74387042863397,8.46232483052643,8.66234560572693,18.8786172205595,8.81338346969608,8.48875271020503,10.7982678102336,8,regulus,Harry Potter and the Deathly Hallows - J. K. Rowling
293,8.43501002030648,8.90101799830709,8.53363204905595,8.58809342866077,8.56353021089969,9.19512029925278,18.8487009800437,9.24256699666758,8.44609930247305,11.2462287143329,8,madame,Harry Potter and the Goblet of Fire - J. K. Rowling
294,8.53048217991549,8.83383413886217,9.18731368877445,8.78637704115303,8.98829780539505,8.82201479404106,18.4241634304461,9.23461184418817,9.28695442784004,9.90595064938443,8,potter,Harry Potter and the Chamber of Secrets - J. K. Rowling
295,8.36069510445028,9.71398909632735,8.78148426403088,8.25246460070758,8.27849079199602,8.52963072579564,16.5940720466197,8.83107717005176,8.73620710997562,13.9218890900452,2,malfoy,Harry Potter and the Prisoner of Azkaban - J. K. Rowling
296,8.33639384771261,11.4765819637514,8.47701042986306,8.31557692749057,8.14357266311531,8.82992030522175,17.1301337287451,8.53240021668154,8.30793575651343,12.4504741609053,5,london,Harry Potter and the Sorcerer's Stone - J. K. Rowling
297,8.17049056226587,9.69827549981024,8.62496115233403,8.41628762030607,8.12622680921625,8.8192143602561,19.3491321203536,8.92184925053283,8.88694266567715,10.9866199592479,8,ginny,Harry Potter and the Deathly Hallows - J. K. Rowling
298,8.3904525562979,9.0749760160818,8.60125885722788,8.36946675767393,8.50267373964379,9.00679410319825,20.4079493919409,8.74440937591123,8.66220602575064,10.2398131762736,7,pensieve,Harry Potter and the Deathly Hallows - J. K. Rowling
299,8.46903503283153,9.44882404065639,8.69734366558024,8.60160433046806,8.54105782167249,9.66180093347632,18.8548007452971,8.62649258635118,8.59663652969339,10.5024043139732,8,harry,Harry Potter and the Half-Blood Prince - J. K. Rowling
300,8.5913342013763,9.62588219941614,8.92571128518906,8.58326099948058,8.50169336831046,8.78616685095275,18.1312437448015,9.15079581037838,8.67627428188034,11.0276372582145,8,harry,Harry Potter and the Chamber of Secrets - J. K. Rowling
301,8.3939364794283,9.53430515141025,8.85755346224604,8.51111559380041,8.5917088906485,8.9769104305216,16.5159920722798,8.75569974997823,8.79318482724078,13.0695933424461,9,hermione,Harry Potter and the Prisoner of Azkaban - J. K. Rowling
302,8.39394665826572,9.17522552881697,8.66706107749453,8.56033116247825,8.50538742044865,9.78717343145485,18.9767579991645,8.65372331436969,8.5484875692924,10.7319058382144,8,draco,Harry Potter and the Half-Blood Prince - J. K. Rowling
303,7.96198573946387,11.2027395746007,7.9950757025136,7.76396034700204,7.99953549574303,8.840425387253,19.4619095689479,8.2427071224492,8.3676964976128,12.1639645644139,6,albus,Harry Potter and the Sorcerer's Stone - J. K. Rowling
304,8.46594630738098,9.46564163019334,8.64320556041549,8.49355228017468,8.65816314524075,8.87538964760828,19.0752522090548,8.74104067355166,8.71659514704849,10.8652133993315,8,harry,Harry Potter and the Order of the Phoenix - J. K. Rowling
305,8.50152765193678,9.88151473799975,8.09249133937214,8.10041906681191,8.19749166575719,8.90477650876439,20.6714521450265,8.6211418424405,8.25116633733517,10.7780187045557,6,dolores,Harry Potter and the Order of the Phoenix - J. K. Rowling
306,8.55308015716227,9.49934269824087,8.67803220618537,8.44620948341731,8.59569518476073,9.2349256896046,17.7417400914247,8.83732851556965,8.78564693565542,11.6279990379791,1,hagrid,Harry Potter and the Goblet of Fire - J. K. Rowling
307,8.52488288482386,9.74013361011271,8.84870955041186,8.70072715992753,8.47319531361438,8.66044074982672,18.6827827072081,8.84546339453384,8.56206751458354,10.9615971149575,8,kreacher,Harry Potter and the Deathly Hallows - J. K. Rowling
308,8.56933420104845,9.3513991594823,8.36936447370467,8.4822840451977,8.99550976032261,8.95968856846408,19.5173711925339,8.73266023610409,8.73440890584326,10.2879794572989,3,petunia,Harry Potter and the Order of the Phoenix - J. K. Rowling
309,8.31544343984929,9.36282429228969,9.00664988074739,8.76140207246107,8.67266424939947,8.87484846143643,19.3819499401175,8.48451081392241,8.70932473496579,10.4303821148109,3,neville,Harry Potter and the Order of the Phoenix - J. K. Rowling
310,8.60519238852511,9.71097470436733,8.76145999311302,8.58321011166685,8.61264672685713,8.98071465407434,18.3649809220082,8.82216782310291,8.63845779774621,10.9201948785389,8,harry,Harry Potter and the Deathly Hallows - J. K. Rowling
311,8.85661931199594,10.2207905796944,9.04910742982581,8.5765722488633,8.43639725569946,8.41817106887884,17.4750139383747,8.76004132238655,8.6390160316959,11.568270812585,1,ireland,Harry Potter and the Goblet of Fire - J. K. Rowling
312,8.26067865560326,9.58327536233725,8.71752276912768,8.49780748146538,8.46973455275243,8.89019656316386,19.5023171620612,8.73105311849547,8.71645047743591,10.6309638575575,3,voldemort,Harry Potter and the Order of the Phoenix - J. K. Rowling
313,8.49886868472364,9.53362351100054,8.7065573880651,8.42367498992796,8.36969835427017,8.53282334455621,19.3742420339155,8.99602473237186,8.45403930792234,11.1104476532467,8,dobby,Harry Potter and the Chamber of Secrets - J. K. Rowling
314,8.57041080608897,9.03709574775576,8.89698162700304,8.54125110974791,9.01033492113043,9.25420763142002,18.8201605922302,8.72129981159188,8.71982083742151,10.4284369156103,8,army,Harry Potter and the Deathly Hallows - J. K. Rowling
315,8.51264105930822,8.69755990759072,9.15751011337467,8.64368818571726,8.25911093850452,9.08253325383764,19.0714472631449,8.90866689315538,8.44995070285693,11.2168916825098,8,weasleys,Harry Potter and the Chamber of Secrets - J. K. Rowling
316,8.40785170622584,9.85668282351518,8.44702857698494,8.31166597124327,8.10773724531927,8.61061400592542,19.5883589600084,8.69861032202065,8.41103893922837,11.5604114495286,6,ministry,Harry Potter and the Deathly Hallows - J. K. Rowling
